id,first_name,last_name,email,gender,ip_address
1,Kerrie,Outright,koutright0@china.com.cn,Female,192.156.205.64
2,Venus,Hollingsbee,vhollingsbee1@naver.com,Female,17.131.24.164
3,Maria,Bierton,mbierton2@dailymail.co.uk,Female,150.217.59.215
4,Lisetta,Greswell,lgreswell3@phpbb.com,Female,236.89.159.136
5,Portia,O'Cannan,pocannan4@fc2.com,Female,109.124.3.122
6,Ives,Doley,idoley5@ocn.ne.jp,Male,225.36.166.73
7,Amy,Simpkin,asimpkin6@furl.net,Female,150.177.98.32
8,Janifer,Batte,jbatte7@dion.ne.jp,Female,55.182.93.105
9,Willette,Riddeough,wriddeough8@ftc.gov,Female,195.211.166.78
10,Shantee,Shea,sshea9@economist.com,Female,213.7.67.92
11,Marshall,Brear,mbreara@hugedomains.com,Bigender,222.19.169.97
12,Mariette,Ronca,mroncab@dot.gov,Female,47.121.83.25
13,Alfie,Messiter,amessiterc@cbslocal.com,Male,197.89.101.70
14,Donn,Glassborow,dglassborowd@fc2.com,Male,253.246.56.107
15,Nance,Cumes,ncumese@statcounter.com,Female,222.183.222.59
16,Delly,Ortiga,dortigaf@narod.ru,Female,58.228.85.110
17,Paddie,Niess,pniessg@rambler.ru,Bigender,232.8.233.205
18,Elwyn,Sherrocks,esherrocksh@ox.ac.uk,Male,73.62.92.4
19,Gayla,Proom,gproomi@people.com.cn,Female,67.7.195.98
20,Lindon,Toulson,ltoulsonj@patch.com,Male,59.231.166.165
21,Sibby,Backshill,sbackshillk@oracle.com,Female,158.217.72.161
22,Finley,Cavell,fcavelll@soundcloud.com,Male,226.108.107.238
23,Leona,Roust,lroustm@google.it,Female,17.190.58.86
24,Rhetta,MacDearmid,rmacdearmidn@behance.net,Non-binary,126.195.227.175
25,Gil,Brighty,gbrightyo@va.gov,Male,46.248.150.161
26,Garrard,MacCarrick,gmaccarrickp@reuters.com,Male,166.74.152.213
27,Leilah,Hellmer,lhellmerq@nbcnews.com,Female,110.76.83.74
28,Ashlin,Bawles,abawlesr@twitter.com,Male,149.96.197.249
29,Albert,Gopsill,agopsills@foxnews.com,Male,177.70.97.124
30,Sherye,Hazeman,shazemant@marriott.com,Agender,183.144.205.39
31,Northrup,O'Suaird,nosuairdu@netvibes.com,Genderfluid,91.162.64.227
32,Edvard,Sandeman,esandemanv@hud.gov,Male,152.25.149.188
33,Ceil,McLean,cmcleanw@sina.com.cn,Female,3.171.113.229
34,Lewes,Karel,lkarelx@t-online.de,Bigender,21.209.55.117
35,Celle,Marte,cmartey@theglobeandmail.com,Female,1.80.202.163
36,Kurt,Franzewitch,kfranzewitchz@rambler.ru,Male,125.152.141.101
37,Tailor,Kropp,tkropp10@google.co.jp,Male,176.241.177.217
38,Bart,Valasek,bvalasek11@gmpg.org,Male,216.7.213.42
39,Yalonda,Bavester,ybavester12@va.gov,Female,51.166.246.113
40,Ansel,Trinke,atrinke13@alexa.com,Male,10.52.119.22
41,Steffen,Arnull,sarnull14@usda.gov,Male,105.203.236.229
42,Jenica,Patchett,jpatchett15@biglobe.ne.jp,Female,142.254.67.2
43,Welbie,Chaffin,wchaffin16@patch.com,Male,154.217.63.163
44,Irita,Ilive,iilive17@house.gov,Female,122.198.30.86
45,Bailey,Skells,bskells18@microsoft.com,Male,215.182.79.188
46,Coleman,Bertolin,cbertolin19@shareasale.com,Male,216.22.187.14
47,Lizette,Wong,lwong1a@prnewswire.com,Non-binary,46.141.45.16
48,Shela,Robinette,srobinette1b@bloglines.com,Female,141.28.80.59
49,Colan,Orniz,corniz1c@ustream.tv,Male,244.11.166.102
50,Cyndy,Thurstan,cthurstan1d@1688.com,Female,204.80.45.106
51,Wilhelmine,Teresi,wteresi1e@cargocollective.com,Female,71.12.92.99
52,Fremont,Kinde,fkinde1f@friendfeed.com,Male,133.242.228.158
53,Frieda,Targett,ftargett1g@youtube.com,Female,147.220.58.200
54,Bradly,Espie,bespie1h@tiny.cc,Male,104.190.32.160
55,Matti,Charnley,mcharnley1i@google.pl,Female,216.79.123.136
56,Hieronymus,Gianotti,hgianotti1j@bravesites.com,Male,194.70.57.77
57,Merlina,Glennie,mglennie1k@drupal.org,Female,38.129.36.196
58,Kearney,Duchatel,kduchatel1l@artisteer.com,Male,98.209.215.232
59,Josi,Oldnall,joldnall1m@constantcontact.com,Female,77.138.186.52
60,Nathalie,Kenderdine,nkenderdine1n@economist.com,Female,148.245.129.225
61,Falito,Pershouse,fpershouse1o@privacy.gov.au,Male,181.0.123.78
62,Teddi,Mulvihill,tmulvihill1p@163.com,Female,140.181.236.227
63,Karlens,Scarlet,kscarlet1q@tripod.com,Male,33.162.169.139
64,Allayne,Carnegy,acarnegy1r@amazon.co.uk,Male,77.121.144.37
65,Pat,D'Hooge,pdhooge1s@hhs.gov,Female,99.48.67.33
66,Karmen,McWaters,kmcwaters1t@indiatimes.com,Female,118.159.210.214
67,Jonie,Paviour,jpaviour1u@google.com,Female,191.20.123.72
68,Kerwin,Loache,kloache1v@ask.com,Male,49.133.183.58
69,Giordano,Triplett,gtriplett1w@trellian.com,Male,69.6.135.20
70,Kathi,Throughton,kthroughton1x@ibm.com,Female,73.73.174.137
71,Salvatore,Stenton,sstenton1y@storify.com,Male,106.42.156.110
72,Katie,Bernardotti,kbernardotti1z@reverbnation.com,Agender,68.137.160.84
73,Jozef,Beckensall,jbeckensall20@amazon.com,Male,83.117.83.128
74,Fredra,Gentery,fgentery21@ezinearticles.com,Female,180.90.46.46
75,Court,Embling,cembling22@oaic.gov.au,Male,188.151.171.198
76,Kelli,Coulling,kcoulling23@lycos.com,Female,159.221.8.103
77,Barbette,Quantrill,bquantrill24@illinois.edu,Female,23.161.66.72
78,Pavel,Buscher,pbuscher25@xrea.com,Male,4.83.164.242
79,Yulma,Grabban,ygrabban26@sbwire.com,Male,243.125.153.140
80,Lothaire,Eskrigge,leskrigge27@list-manage.com,Polygender,214.146.125.129
81,Adelind,Turpey,aturpey28@merriam-webster.com,Polygender,79.104.225.187
82,Bab,Bullivent,bbullivent29@shareasale.com,Female,207.221.17.148
83,Callean,Simmonett,csimmonett2a@comsenz.com,Male,162.63.83.191
84,Phoebe,Cominotti,pcominotti2b@elegantthemes.com,Female,157.189.20.252
85,Meier,Torres,mtorres2c@quantcast.com,Male,18.164.37.216
86,Mariejeanne,Corkish,mcorkish2d@unc.edu,Female,180.158.134.255
87,Clio,Tuckett,ctuckett2e@state.gov,Female,22.60.4.194
88,Maggie,Pirrey,mpirrey2f@nifty.com,Female,167.211.206.102
89,Umeko,Hillen,uhillen2g@ask.com,Female,23.249.128.149
90,Nissy,Rutledge,nrutledge2h@youtube.com,Genderfluid,197.180.87.192
91,Alva,Khadir,akhadir2i@scribd.com,Male,239.47.182.95
92,Miltie,Form,mform2j@opera.com,Male,249.199.1.205
93,Almeda,Petracek,apetracek2k@mayoclinic.com,Female,204.120.123.212
94,Jeniece,Hens,jhens2l@apple.com,Female,193.40.36.144
95,Emalia,Dzenisenka,edzenisenka2m@google.ca,Female,68.210.193.37
96,Jean,Keizman,jkeizman2n@virginia.edu,Male,54.137.100.101
97,Steffen,Poole,spoole2o@google.ru,Male,112.121.166.50
98,Elton,Jaegar,ejaegar2p@edublogs.org,Male,186.135.3.131
99,Rosemonde,Cherry,rcherry2q@hubpages.com,Non-binary,157.25.122.230
100,Candi,Levens,clevens2r@dagondesign.com,Genderfluid,118.147.238.101
